tiempo;produccion
1/1/2010;771
1/2/2010;4791
1/3/2010;4445
1/4/2010;4549
1/5/2010;5210
1/6/2010;12069
1/7/2010;14575
1/8/2010;15258
1/9/2010;17729
1/10/2010;22145
1/11/2010;17654
1/12/2010;5734
1/1/2011;7775
1/2/2011;4239
1/3/2011;4427
1/4/2011;5938
1/5/2011;5081
1/6/2011;18209
1/7/2011;21344
1/8/2011;20285
1/9/2011;23841
1/10/2011;23626
1/11/2011;21336
1/12/2011;17522
1/1/2012;17295
1/2/2012;8261
1/3/2012;9420
1/4/2012;8026
1/5/2012;9710
1/6/2012;22395
1/7/2012;28509
1/8/2012;24617
1/9/2012;32106
1/10/2012;33540
1/11/2012;28740
1/12/2012;27870
1/1/2013;22087
1/2/2013;18891
1/3/2013;27122
1/4/2013;31757
1/5/2013;31832
1/6/2013;40810
1/7/2013;50613
1/8/2013;61897
1/9/2013;49433
1/10/2013;50063
1/11/2013;47499
1/12/2013;40376
1/1/2014;42428
1/2/2014;39043
1/3/2014;41799
1/4/2014;48837
1/5/2014;52703
1/6/2014;60959
1/7/2014;59677
1/8/2014;62947
1/9/2014;59644
1/10/2014;72174
1/11/2014;71396
1/12/2014;59514
1/1/2015;53786
1/2/2015;51625
1/3/2015;64599
1/4/2015;60217
1/5/2015;54562
1/6/2015;74464
1/7/2015;78868
1/8/2015;72603
1/9/2015;73144
1/10/2015;86136
1/11/2015;73433
1/12/2015;71970
1/1/2016;66620
1/2/2016;65050
1/3/2016;65050
1/4/2016;60670
1/5/2016;62659
1/6/2016;60695
1/7/2016;71659
1/8/2016;87669
1/9/2016;92162
1/10/2016;84945,9
1/11/2016;87028,27543
1/12/2016;85736
1/1/2017;84345,28797
1/2/2017;80095,56
1/3/2017;82796,55
1/4/2017;80573,26
1/5/2017;84274,99
1/6/2017;92959,41
1/7/2017;97319,65
1/8/2017;104563,28
1/9/2017;102827,72
1/10/2017;111264,81
1/11/2017;96565,42
1/12/2017;87520,9
1/1/2018;83694,36
1/2/2018;80920,94
1/3/2018;67486,43
1/4/2018;75058,45
1/5/2018;87942,17
1/6/2018;106737,18
1/7/2018;107270,92
1/8/2018;107314,93
1/9/2018;106008,77
1/10/2018;103205,34
1/11/2018;98535,21
1/12/2018;89606,1
1/1/2019;70319,64
1/2/2019;68395,79
1/3/2019;76836,59
1/4/2019;67240,73
1/5/2019;85164,23
1/6/2019;94835,26
1/7/2019;96383,4
1/8/2019;111191,3
1/9/2019;109774,16
1/10/2019;103182,69
1/11/2019;103745,29
1/12/2019;86426,41
1/1/2020;76799,33
1/2/2020;70153,74
1/3/2020;68643,75
1/4/2020;15882
1/5/2020;26088,38
1/6/2020;67448,55
1/7/2020;84819,81
1/8/2020;77825,99
1/9/2020;80817,67
1/10/2020;69434,44
1/11/2020;88775,68
1/12/2020;82035,19
1/1/2021;60992
1/2/2021;67133
1/3/2021;79917
1/4/2021;68795
1/5/2021;60027
1/6/2021;74127
1/7/2021;98488
1/8/2021;102056
1/9/2021;106134
1/10/2021;101150
1/11/2021;101838
1/12/2021;87400
1/1/2022;79107,2
1/2/2022;75255,38
1/3/2022;67347,02
1/4/2022;67557,93
1/5/2022;84229,78
1/6/2022;108809,44
1/7/2022;114000,53
1/8/2022;118536,98
1/9/2022;119621,77
1/10/2022;125168,36
1/11/2022;104462,54
1/12/2022;94744,42
1/1/2023;95216,62
1/2/2023;79498,07
1/3/2023;79034,28
1/4/2023;81745,88
1/5/2023;81190,56
1/6/2023;86671,95
1/7/2023;110786,82
1/8/2023;111210,51
1/9/2023;105858,98
1/10/2023;108685,76
1/11/2023;108139,71
1/12/2023;108663,82
1/1/2024;102957,72
1/2/2024;72547,83
1/3/2024;77717,9
1/4/2024;73518,5
1/5/2024;95399
1/6/2024;116964
1/7/2024;121475,73
1/8/2024;123180,39
1/9/2024;118664,67
1/10/2024;113364,03
1/11/2024;93813,58
1/12/2024;97914,01
1/1/2025;99412,73
1/2/2025;89746,08
1/3/2025;94684,82
1/4/2025;88223,86
1/5/2025;100442,38
1/6/2025;113706,02
1/7/2025;128438,2
1/8/2025;137373,4
1/9/2025;116878,04
1/10/2025;113031,74
1/11/2025;115067,4
1/12/2025;97879,24
1/1/2026;95946
1/2/2026;99464,81
1/3/2026;100773,01
