"fecha","NFLX.Open","NFLX.High","NFLX.Low","NFLX.Close","NFLX.Volume","NFLX.Adjusted"
2024-11-29,88.2170028686523,89.2409973144531,87.6679992675781,88.6809997558594,20272000,88.6809997558594
2024-12-02,88.7509994506836,90.234001159668,88.4120025634766,89.7740020751953,23890000,89.7740020751953
2024-12-03,89.4359970092773,90.2689971923828,88.8030014038086,90.2170028686523,24016000,90.2170028686523
2024-12-04,89.8050003051758,91.5970001220703,89.8050003051758,91.1060028076172,26896000,91.1060028076172
2024-12-05,91.7850036621094,92.6999969482422,91.1110000610352,91.7870025634766,28353000,91.7870025634766
2024-12-06,91.5230026245117,93.5270004272461,91.2710037231445,93.4739990234375,29554000,93.4739990234375
2024-12-09,92.8000030517578,93.0299987792969,90.2590026855469,91.3690032958984,33501000,91.3690032958984
2024-12-10,91.3759994506836,92.2880020141602,90.9580001831055,91.3349990844727,23886000,91.3349990844727
2024-12-11,92.4710006713867,94.1750030517578,92.3079986572266,93.6559982299805,35017000,93.6559982299805
2024-12-12,93.3349990844727,93.4089965820312,92.2600021362305,92.5550003051758,24862000,92.5550003051758
2024-12-13,91.6809997558594,92.5550003051758,90.9609985351562,91.8870010375977,24858000,91.8870010375977
2024-12-16,92.3939971923828,92.8939971923828,91.9499969482422,92.1080017089844,26749000,92.1080017089844
2024-12-17,92.1539993286133,92.8450012207031,91.6419982910156,91.9130020141602,24595000,91.9130020141602
2024-12-18,91.9130020141602,92.2440032958984,88.6559982299805,88.9550018310547,29382000,88.9550018310547
2024-12-19,90.818000793457,91.2620010375977,89.9000015258789,90.2040023803711,28155000,90.2040023803711
2024-12-20,89.3209991455078,91.9919967651367,89.0490036010742,90.9049987792969,45305000,90.9049987792969
2024-12-23,91.3420028686523,91.5,89.9100036621094,91.1449966430664,23394000,91.1449966430664
2024-12-24,91.5,93.5849990844727,91.1699981689453,93.2119979858398,23203000,93.2119979858398
2024-12-26,92.8399963378906,93.0490036010742,91.5299987792969,92.4140014648438,23403000,92.4140014648438
2024-12-27,91.6009979248047,91.8130035400391,89.4499969482422,90.754997253418,32262000,90.754997253418
2024-12-30,89.4509963989258,90.822998046875,88.9710006713867,90.0429992675781,22030000,90.0429992675781
2024-12-31,90.1800003051758,90.2679977416992,88.9469985961914,89.1320037841797,18759000,89.1320037841797
2025-01-02,89.5500030517578,89.8580017089844,87.6999969482422,88.6729965209961,23123000,88.6729965209961
2025-01-03,89.3130035400391,89.8830032348633,87.9889984130859,88.1050033569336,29673000,88.1050033569336
2025-01-06,88.8759994506836,89.2829971313477,87.1689987182617,88.1790008544922,34577000,88.1790008544922
2025-01-07,87.9380035400391,88.8000030517578,86.911003112793,87.9189987182617,26498000,87.9189987182617
2025-01-08,88,88.6220016479492,87.3000030517578,87.5,23479000,87.5
2025-01-10,86.6399993896484,86.640998840332,83.4400024414062,83.7689971923828,48033000,83.7689971923828
2025-01-13,83.1529998779297,84.7070007324219,82.9140014648438,84.0289993286133,30245000,84.0289993286133
2025-01-14,84.3199996948242,84.4889984130859,82.3519973754883,82.8399963378906,30377000,82.8399963378906
2025-01-15,83.6439971923828,85.0839996337891,83.0410003662109,84.8259963989258,31814000,84.8259963989258
2025-01-16,86.0960006713867,86.8980026245117,84.2020034790039,84.2369995117188,40285000,84.2369995117188
2025-01-17,85.9789962768555,86.5,85.2129974365234,85.8099975585938,36176000,85.8099975585938
2025-01-21,86.3529968261719,91.6399993896484,85.4749984741211,86.9680023193359,98514000,86.9680023193359
2025-01-22,99.8030014038086,99.9000015258789,95.0759963989258,95.3990020751953,142732000,95.3990020751953
2025-01-23,95.7809982299805,98.5,95.3899993896484,98.4860000610352,77521000,98.4860000610352
2025-01-24,98.4410018920898,98.6279983520508,96.7679977416992,97.7590026855469,45504000,97.7590026855469
2025-01-27,97.1100006103516,98.2269973754883,96.0260009765625,97.1890029907227,46342000,97.1890029907227
2025-01-28,96.6709976196289,97.7929992675781,95.7300033569336,97.1829986572266,34340000,97.1829986572266
2025-01-29,98,98.7639999389648,96.822998046875,97.8150024414062,29307000,97.8150024414062
2025-01-30,98.6750030517578,99.4589996337891,97.0009994506836,97.3239974975586,38678000,97.3239974975586
2025-01-31,97.4000015258789,99.0289993286133,97.4000015258789,97.6760025024414,36151000,97.6760025024414
2025-02-03,97.3000030517578,98.7689971923828,96.4380035400391,97.8939971923828,37242000,97.8939971923828
2025-02-04,98.0469970703125,100.800003051758,97.8509979248047,99.4869995117188,60001000,99.4869995117188
2025-02-05,98.7730026245117,101.182998657227,98.6679992675781,101.111000061035,39934000,101.111000061035
2025-02-06,100.787002563477,101.63500213623,100.261001586914,101.568000793457,31343000,101.568000793457
2025-02-07,101.699996948242,102.776000976562,100.567001342773,101.392997741699,32129000,101.392997741699
2025-02-10,102.305000305176,103.285003662109,101.587997436523,102.76000213623,32966000,102.76000213623
2025-02-11,102.079002380371,102.268997192383,100.294998168945,100.807998657227,33318000,100.807998657227
2025-02-12,100.549003601074,102.774002075195,99.8349990844727,102.731002807617,33890000,102.731002807617
2025-02-13,102.66300201416,104.598999023438,102.51000213623,104.369003295898,34761000,104.369003295898
2025-02-14,104.495002746582,106.449996948242,104.168998718262,105.860000610352,31454000,105.860000610352
2025-02-18,106,106.199996948242,102.375,103.584999084473,42293000,103.584999084473
2025-02-19,103.517997741699,104.5,102.450996398926,104.333000183105,2.6e+07,104.333000183105
2025-02-20,104.199996948242,104.5,101.55899810791,102.454002380371,31118000,102.454002380371
2025-02-21,102.942001342773,103.237998962402,99.9390029907227,100.315002441406,37387000,100.315002441406
2025-02-24,100.800003051758,101.516998291016,98.447998046875,98.8470001220703,44262000,98.8470001220703
2025-02-25,98.9400024414062,99.4400024414062,95.5,97.7239990234375,47383000,97.7239990234375
2025-02-26,97.7600021362305,100.088996887207,97.6900024414062,99.0059967041016,33972000,99.0059967041016
2025-02-27,99.5,100.072998046875,96.1829986572266,96.306999206543,37666000,96.306999206543
2025-02-28,96.9560012817383,98.2269973754883,95.8170013427734,98.0559997558594,47174000,98.0559997558594
2025-03-03,98.3000030517578,99.4929962158203,96.4810028076172,97.370002746582,39074000,97.370002746582
2025-03-04,97.161003112793,98.6309967041016,94.8209991455078,97.2580032348633,43928000,97.2580032348633
2025-03-05,97.3619995117188,99.5599975585938,96.947998046875,99.0920028686523,38079000,99.0920028686523
2025-03-06,97.2990036010742,97.3690032958984,89.9000015258789,90.6360015869141,78526000,90.6360015869141
2025-03-07,89.7639999389648,90.4889984130859,85.806999206543,89.1110000610352,77375000,89.1110000610352
2025-03-10,87.5070037841797,88.1269989013672,85.4499969482422,86.6679992675781,69953000,86.6679992675781
2025-03-11,86.7409973144531,91.068000793457,86.5999984741211,89.5100021362305,73989000,89.5100021362305
2025-03-12,91.4599990844727,92.7180023193359,90.0999984741211,91.9680023193359,68658000,91.9680023193359
2025-03-13,91.3000030517578,92.1890029907227,88.7509994506836,89.0169982910156,50017000,89.0169982910156
2025-03-14,90.1460037231445,91.9629974365234,90.0999984741211,91.8000030517578,52007000,91.8000030517578
2025-03-17,93.995002746582,96.7630004882812,93.4420013427734,95.0019989013672,75431000,95.0019989013672
2025-03-18,94,94.8249969482422,91.629997253418,92.9980010986328,60094000,92.9980010986328
2025-03-19,93.5770034790039,96.8000030517578,92.4000015258789,95.9489974975586,66624000,95.9489974975586
2025-03-20,95.0009994506836,96.6999969482422,94.5500030517578,95.0839996337891,44663000,95.0839996337891
2025-03-21,94.1640014648438,96.3649978637695,94.0950012207031,96.0289993286133,59054000,96.0289993286133
2025-03-24,96.9670028686523,97.6999969482422,95.1549987792969,97.1989974975586,46779000,97.1989974975586
2025-03-25,97.818000793457,99.870002746582,97.7109985351562,99.7279968261719,37822000,99.7279968261719
2025-03-26,99.3809967041016,99.6790008544922,96.6320037841797,97.0650024414062,35274000,97.0650024414062
2025-03-27,97.4219970703125,98.9000015258789,96.6370010375977,97.6719970703125,30472000,97.6719970703125
2025-03-28,97.1999969482422,97.4980010986328,92.9229965209961,93.3850021362305,44227000,93.3850021362305
2025-03-31,92.0530014038086,93.447998046875,90.0589981079102,93.2529983520508,46341000,93.2529983520508
2025-04-01,92.75,93.2289962768555,91.1500015258789,92.8379974365234,35200000,92.8379974365234
2025-04-02,92.3000030517578,94.9550018310547,91.6110000610352,93.552001953125,32569000,93.552001953125
2025-04-03,90.1800003051758,94.6589965820312,90.0469970703125,91.7050018310547,58646000,91.7050018310547
2025-04-04,89.6500015258789,90.6630020141602,85.3870010375977,85.5859985351562,67988000,85.5859985351562
2025-04-07,82.7850036621094,90.6740036010742,82.1100006103516,86.7829971313477,66568000,86.7829971313477
2025-04-08,91.2440032958984,92.2419967651367,85.7699966430664,87.0400009155273,56254000,87.0400009155273
2025-04-09,85.5930023193359,95.1429977416992,85.4400024414062,94.5469970703125,74980000,94.5469970703125
2025-04-10,93.1940002441406,94.1240005493164,89.4000015258789,92.1169967651367,51298000,92.1169967651367
2025-04-11,92,94.4860000610352,90.6679992675781,91.8290023803711,40736000,91.8290023803711
2025-04-14,93.2699966430664,94.8980026245117,91.9499969482422,93.1279983520508,40359000,93.1279983520508
2025-04-15,95,99.3450012207031,94.8000030517578,97.6279983520508,77120000,97.6279983520508
2025-04-16,97.6279983520508,98.1210021972656,94.9169998168945,96.1630020141602,60661000,96.1630020141602
2025-04-17,96.9000015258789,98.4700012207031,95.5999984741211,97.3030014038086,88937000,97.3030014038086
2025-04-21,98.4400024414062,101.900001525879,97.3050003051758,98.7910003662109,97757000,98.7910003662109
2025-04-22,100.529998779297,106.497001647949,100.452003479004,104.033996582031,93689000,104.033996582031
2025-04-23,104.72200012207,106.125,103.199996948242,104.958999633789,64719000,104.958999633789
2025-04-24,104.800003051758,110.099998474121,104.702003479004,109.686996459961,63819000,109.686996459961
2025-04-25,109.704002380371,110.680000305176,109.099998474121,110.15299987793,39500000,110.15299987793
2025-04-28,110,111.400001525879,108.262001037598,111.03800201416,38311000,111.03800201416
2025-04-29,110.391998291016,112.78099822998,109.547996520996,112.564002990723,37773000,112.564002990723
2025-04-30,111.264999389648,113.319999694824,110.111000061035,113.171997070312,42667000,113.171997070312
2025-05-01,112.251998901367,114.241996765137,111.182998657227,113.34700012207,34995000,113.34700012207
2025-05-02,113.666000366211,115.944000244141,113.332000732422,115.649002075195,37743000,115.649002075195
2025-05-05,111.480003356934,114.402000427246,110.700996398926,113.40599822998,56623000,113.40599822998
2025-05-06,112.943000793457,114.765998840332,112.639999389648,113.768997192383,32567000,113.768997192383
2025-05-07,113.917999267578,116.400001525879,113.800003051758,115.541000366211,43497000,115.541000366211
2025-05-08,116.162002563477,116.228996276855,113.919998168945,114.443000793457,37609000,114.443000793457
2025-05-09,114.709999084473,115.099998474121,113.321998596191,114.022003173828,25696000,114.022003173828
2025-05-12,112.426002502441,113,110.292999267578,111,64791000,111
2025-05-13,111.445999145508,114.78800201416,110.629997253418,113.84400177002,39979000,113.84400177002
2025-05-14,112.959999084473,115.290000915527,112.839996337891,115.098999023438,39101000,115.098999023438
2025-05-15,114.774002075195,118.779998779297,114.764999389648,117.797996520996,44640000,117.797996520996
2025-05-16,119.314002990723,119.650001525879,117.939002990723,119.15299987793,46984000,119.15299987793
2025-05-19,117.358001708984,119.164001464844,117.170997619629,119.164001464844,28534000,119.164001464844
2025-05-20,118.679000854492,119.300003051758,117.902000427246,119.202003479004,21331000,119.202003479004
2025-05-21,118.650001525879,121.122001647949,118.650001525879,119.462997436523,29766000,119.462997436523
2025-05-22,119.23999786377,119.875,118.721000671387,118.796997070312,18616000,118.796997070312
2025-05-23,118.400001525879,119.144996643066,117.944000244141,118.539001464844,21865000,118.539001464844
2025-05-27,119.532997131348,121.177001953125,119.30899810791,121.156997680664,29205000,121.156997680664
2025-05-28,121.027000427246,121.591003417969,120.601997375488,120.855003356934,18559000,120.855003356934
2025-05-29,120.800003051758,120.900001525879,117.627998352051,118.486000061035,33007000,118.486000061035
2025-05-30,119.833000183105,121.180999755859,118.093002319336,120.722999572754,46968000,120.722999572754
2025-06-02,120.120002746582,121.940002441406,119.625,121.898002624512,22942000,121.898002624512
2025-06-03,121.986999511719,122.957000732422,121.11799621582,121.793998718262,23638000,121.793998718262
2025-06-04,122.072998046875,124.255996704102,121.987998962402,123.966003417969,23594000,123.966003417969
2025-06-05,124.059997558594,126.28099822998,123.728996276855,125.052001953125,28172000,125.052001953125
2025-06-06,125.94100189209,126,123.555000305176,124.147003173828,25570000,124.147003173828
2025-06-09,123.888000488281,123.888000488281,122.156997680664,122.445999145508,24031000,122.445999145508
2025-06-10,122.751998901367,122.751998901367,118.060997009277,120.361999511719,44544000,120.361999511719
2025-06-11,120.26000213623,122.829002380371,119.600997924805,121.987998962402,23823000,121.987998962402
2025-06-12,122.259002685547,123,121.195999145508,121.502998352051,20846000,121.502998352051
2025-06-13,120.658996582031,122.061996459961,120.189002990723,121.214996337891,22103000,121.214996337891
2025-06-16,121.220001220703,122.625,121.220001220703,122.535003662109,21128000,122.535003662109
2025-06-17,121.995002746582,123.236000061035,121.609001159668,122.067001342773,18921000,122.067001342773
2025-06-18,122.999000549316,124.199996948242,122.050003051758,122.228996276855,22810000,122.228996276855
2025-06-20,123.444999694824,124.849998474121,122.434997558594,123.140998840332,53482000,123.140998840332
2025-06-23,123.803001403809,125.484001159668,121.500999450684,125.353996276855,26673000,125.353996276855
2025-06-24,126.055000305176,128.25700378418,125.5,127.911003112793,26633000,127.911003112793
2025-06-25,128.684005737305,129.800003051758,127.380996704102,127.525001525879,21465000,127.525001525879
2025-06-26,128,130.733993530273,128,130.667007446289,26059000,130.667007446289
2025-06-27,130.688003540039,133.134994506836,130.100006103516,132.311996459961,40709000,132.311996459961
2025-06-30,133.100006103516,134.115005493164,132.121002197266,133.912994384766,32829000,133.912994384766
2025-07-01,133.822998046875,133.876998901367,128.22200012207,129.360000610352,49936000,129.360000610352
2025-07-02,129.695999145508,129.994995117188,127.158996582031,128.485992431641,30488000,128.485992431641
2025-07-03,129.199996948242,130.225997924805,127.975997924805,129.718002319336,20062000,129.718002319336
2025-07-07,129.5,129.5,127.601997375488,128.962005615234,22737000,128.962005615234
2025-07-08,129.089996337891,129.324996948242,126,127.53099822998,32925000,127.53099822998
2025-07-09,127.399002075195,128.828994750977,126.624000549316,128.828002929688,23845000,128.828002929688
2025-07-10,128.550003051758,128.960006713867,124.600997924805,125.05899810791,42308000,125.05899810791
2025-07-11,125.978996276855,126.099998474121,123.129997253418,124.511001586914,39572000,124.511001586914
2025-07-14,124.490997314453,127.049003601074,124,126.194999694824,27810000,126.194999694824
2025-07-15,126.199996948242,127.122001647949,124.323997497559,126.027000427246,28017000,126.027000427246
2025-07-16,126.170997619629,127.099998474121,124.982002258301,125.03099822998,32270000,125.03099822998
2025-07-17,125.300003051758,127.75,124.480003356934,127.416999816895,64699000,127.416999816895
2025-07-18,124.195999145508,124.650001525879,120.100997924805,120.924003601074,106933000,120.924003601074
2025-07-21,120.599998474121,123.709999084473,119.800003051758,123.327003479004,56276000,123.327003479004
2025-07-22,123.03800201416,123.236999511719,118.75,119.008003234863,50630000,119.008003234863
2025-07-23,118.981002807617,119.262001037598,117.360000610352,117.678001403809,45043000,117.678001403809
2025-07-24,117.779998779297,118.349998474121,116.265998840332,118.075996398926,38456000,118.075996398926
2025-07-25,117.842002868652,118.732002258301,117.438003540039,118.049003601074,26293000,118.049003601074
2025-07-28,118.120002746582,119.778999328613,116.852996826172,117.459999084473,34470000,117.459999084473
2025-07-29,117.900001525879,117.959999084473,116.329002380371,116.874000549316,27525000,116.874000549316
2025-07-30,116.855003356934,118.485000610352,116.610000610352,118.419998168945,29227000,118.419998168945
2025-07-31,118.480003356934,119,115.774002075195,115.940002441406,37129000,115.940002441406
2025-08-01,116.301002502441,117.850997924805,115.285003662109,115.860000610352,38910000,115.860000610352
2025-08-04,116.764999389648,117.699996948242,116.262001037598,117.098999023438,22447000,117.098999023438
2025-08-05,117.099998474121,117.170997619629,114.471000671387,114.787002563477,26607000,114.787002563477
2025-08-06,115.351997375488,118.138000488281,115.186996459961,117.847999572754,33622000,117.847999572754
2025-08-07,118.176002502441,119.122001647949,116.819999694824,118.037002563477,26283000,118.037002563477
2025-08-08,118.319000244141,121.411003112793,118.037002563477,121.164001464844,38167000,121.164001464844
2025-08-11,121.401000976562,122.306999206543,120.193000793457,121.831001281738,24556000,121.831001281738
2025-08-12,122.5,123.198997497559,120.651000976562,122.52799987793,22788000,122.52799987793
2025-08-13,123.400001525879,123.71199798584,120.300003051758,120.444000244141,27624000,120.444000244141
2025-08-14,120.988998413086,124.408996582031,120.703002929688,123.055999755859,39047000,123.055999755859
2025-08-15,123.403999328613,124.694000244141,122.78800201416,123.894996643066,27678000,123.894996643066
2025-08-18,123.563003540039,125.115997314453,123.544998168945,124.509002685547,21111000,124.509002685547
2025-08-19,124.019996643066,124.099998474121,119.278999328613,121.415000915527,37077000,121.415000915527
2025-08-20,121.800003051758,122.300003051758,119.331001281738,121.386001586914,24344000,121.386001586914
2025-08-21,121.142997741699,122.139999389648,119.763999938965,120.621002197266,20472000,120.621002197266
2025-08-22,120.888000488281,121.361999511719,119.822998046875,120.464996337891,31281000,120.464996337891
2025-08-25,120.165000915527,123.379997253418,119.900001525879,121.806999206543,28120000,121.806999206543
2025-08-26,122.021003723145,123.150001525879,121.220001220703,122.609001159668,19857000,122.609001159668
2025-08-27,122.361000061035,122.920997619629,121.300003051758,122.349998474121,16645000,122.349998474121
2025-08-28,122.278999328613,123.789001464844,121.427001953125,123.144996643066,19503000,123.144996643066
2025-08-29,122.796997070312,122.878997802734,120.11499786377,120.824996948242,32098000,120.824996948242
2025-09-02,119.699996948242,121.540000915527,118.279998779297,121.411003112793,23033000,121.411003112793
2025-09-03,120.513999938965,122.699996948242,120.337997436523,122.61799621582,24715000,122.61799621582
2025-09-04,122.319999694824,125.748001098633,122.30899810791,125.748001098633,30235000,125.748001098633
2025-09-05,126,126.709999084473,123.902000427246,124.38200378418,23797000,124.38200378418
2025-09-08,124.853996276855,125.204002380371,123.199996948242,124.475997924805,19151000,124.475997924805
2025-09-09,124.666999816895,126.571998596191,124.666999816895,126.324996948242,22197000,126.324996948242
2025-09-10,126.397003173828,126.699996948242,124.636001586914,124.771003723145,27010000,124.771003723145
2025-09-11,125.099998474121,125.345001220703,119.199996948242,120.349998474121,56823000,120.349998474121
2025-09-12,120.305999755859,121.178001403809,118.23999786377,118.84400177002,37849000,118.84400177002
2025-09-15,118.839996337891,120.723999023438,117.320999145508,120.225997924805,29093000,120.225997924805
2025-09-16,120.564002990723,120.900001525879,119.727996826172,120.051002502441,24047000,120.051002502441
2025-09-17,122.101997375488,123.392997741699,120.661003112793,122.849998474121,34598000,122.849998474121
2025-09-18,122.082000732422,123.300003051758,120.550003051758,120.77799987793,31691000,120.77799987793
2025-09-19,121.861999511719,122.995002746582,120.809997558594,122.696998596191,49476000,122.696998596191
2025-09-22,122.190002441406,122.975997924805,121.424003601074,122.736999511719,25468000,122.736999511719
2025-09-23,122.733001708984,122.778999328613,120.84700012207,121.84700012207,24991000,121.84700012207
2025-09-24,121.861000061035,122.150001525879,119.419998168945,120.394996643066,27731000,120.394996643066
2025-09-25,120.30899810791,121.68399810791,119.151000976562,120.823997497559,19978000,120.823997497559
2025-09-26,120.541999816895,121.400001525879,120,121.060997009277,19450000,121.060997009277
2025-09-29,120.5,122.448997497559,118.753997802734,120.640998840332,30332000,120.640998840332
2025-09-30,120.640998840332,120.849998474121,117.800003051758,119.891998291016,38303000,119.891998291016
2025-10-01,117.549003601074,117.914001464844,116.320999145508,117.089996337891,41102000,117.089996337891
2025-10-02,116.150001525879,116.333000183105,113.400001525879,116.252998352051,46855000,116.252998352051
2025-10-03,116.5,116.800003051758,114.321998596191,115.332000732422,31374000,115.332000732422
2025-10-06,116.037002563477,116.358001708984,114.544998168945,116.331001281738,29686000,116.331001281738
2025-10-07,117.778999328613,120.137001037598,117.746002197266,119.106002807617,33091000,119.106002807617
2025-10-08,119.710998535156,121.738998413086,119.199996948242,121.425003051758,28514000,121.425003051758
2025-10-09,121.425003051758,123.75,121.181999206543,123.107002258301,28241000,123.107002258301
2025-10-10,122.900001525879,124.699996948242,121.910003662109,122.008003234863,42798000,122.008003234863
2025-10-13,122.13500213623,123.111999511719,120.680999755859,121.90299987793,24608000,121.90299987793
2025-10-14,121.474998474121,122.429000854492,120.309997558594,121.535003662109,23624000,121.535003662109
2025-10-15,121.301002502441,121.96199798584,120.161003112793,120.329002380371,20252000,120.329002380371
2025-10-16,121.214996337891,121.670997619629,117.599998474121,118.359001159668,28326000,118.359001159668
2025-10-17,118.360000610352,120.311996459961,117.894996643066,119.935997009277,29571000,119.935997009277
2025-10-20,120.78800201416,124.776000976562,120.690002441406,123.856002807617,39862000,123.856002807617
2025-10-21,124.282997131348,124.860000610352,123.176002502441,124.13500213623,65082000,124.13500213623
2025-10-22,114.290000915527,115.76000213623,111.250999450684,111.637001037598,147890000,111.637001037598
2025-10-23,112.690002441406,112.782997131348,109.972999572754,111.359001159668,68497000,111.359001159668
2025-10-24,111.099998474121,111.450996398926,109.44100189209,109.46900177002,60280000,109.46900177002
2025-10-27,110.067001342773,110.227996826172,108.730003356934,109.456001281738,46911000,109.456001281738
2025-10-28,109.400001525879,111.697998046875,109.301002502441,110.25,40209000,110.25
2025-10-29,109.984001159668,110.855003356934,109.599998474121,110.041000366211,33995000,110.041000366211
2025-10-30,109.440002441406,110.615997314453,108.810997009277,108.900001525879,41581000,108.900001525879
2025-10-31,110.539001464844,113.487998962402,110.197998046875,111.886001586914,68665000,111.886001586914
2025-11-03,113.323997497559,113.349998474121,107.514999389648,110.009002685547,58634000,110.009002685547
2025-11-04,109.999000549316,110.459999084473,108.667999267578,109.295997619629,38718000,109.295997619629
2025-11-05,108.5,110.084999084473,107.33699798584,109.846000671387,35539000,109.846000671387
2025-11-06,109.458000183105,110.370002746582,108.513000488281,109.702003479004,36532000,109.702003479004
2025-11-07,109.417999267578,110.821998596191,108.75,110.365997314453,44125000,110.365997314453
2025-11-10,110.671997070312,112.819999694824,110.404998779297,112.00700378418,36929000,112.00700378418
2025-11-11,111.76000213623,113.921997070312,111.279998779297,113.643997192383,27966000,113.643997192383
2025-11-12,113.817001342773,116.43399810791,112.825996398926,115.75,39221000,115.75
2025-11-13,115.849998474121,116.733001708984,114.569000244141,115.422996520996,40144000,115.422996520996
2025-11-14,114.273002624512,114.273002624512,110.721000671387,111.217002868652,47607000,111.217002868652
2025-11-17,110.75,111.849998474121,109.550003051758,110.290000915527,26082700,110.290000915527
2025-11-18,110.290000915527,115.25,109.199996948242,114.089996337891,43440600,114.089996337891
2025-11-19,113,113.339996337891,108.610000610352,110,31868100,110
2025-11-20,111,111.099998474121,105.389999389648,105.669998168945,36918500,105.669998168945
2025-11-21,105.129997253418,106.529998779297,103.809997558594,104.309997558594,41232700,104.309997558594
2025-11-24,104.25,108.040000915527,103.319999694824,106.970001220703,62918300,106.970001220703
2025-11-25,106.120002746582,106.300003051758,103.819999694824,104.400001525879,35122600,104.400001525879
2025-11-26,105.73999786377,106.949996948242,105.220001220703,106.139999389648,27951000,106.139999389648
2025-11-28,106.440002441406,107.940002441406,106.23999786377,107.580001831055,15021600,107.580001831055
2025-12-01,106.51000213623,109.339996337891,106.309997558594,109.129997253418,24873400,109.129997253418
2025-12-02,109.209999084473,109.730003356934,107.519996643066,109.349998474121,25763000,109.349998474121
2025-12-03,106.589996337891,106.870002746582,102.029998779297,103.959999084473,53593400,103.959999084473
2025-12-04,103.569999694824,103.800003051758,101.769996643066,103.220001220703,51779100,103.220001220703
2025-12-05,98.7799987792969,104.790000915527,97.7399978637695,100.23999786377,133363600,100.23999786377
2025-12-08,99.870002746582,99.8899993896484,95.3000030517578,96.7900009155273,100906300,96.7900009155273
2025-12-09,97.0299987792969,97.2399978637695,95.4499969482422,96.7099990844727,51745600,96.7099990844727
2025-12-10,96.7399978637695,96.9700012207031,92.3499984741211,92.7099990844727,74129300,92.7099990844727
2025-12-11,93.9000015258789,94.8199996948242,92.7600021362305,94.0899963378906,43949000,94.0899963378906
2025-12-12,95.5,96.9199981689453,94.6500015258789,95.1900024414062,49323100,95.1900024414062
2025-12-15,96.0199966430664,96.370002746582,93.5299987792969,93.7699966430664,40016500,93.7699966430664
2025-12-16,93.879997253418,94.9300003051758,93.3199996948242,94.5699996948242,34265000,94.5699996948242
2025-12-17,95.9800033569336,97.3300018310547,94.4599990844727,94.7900009155273,50472800,94.7900009155273
2025-12-18,95.0199966430664,95.8099975585938,93.5899963378906,94,37244700,94
2025-12-19,93.5699996948242,95.5400009155273,93.4499969482422,94.3899993896484,78990200,94.3899993896484
2025-12-22,94.7099990844727,94.7099990844727,92.9100036621094,93.2300033569336,39484800,93.2300033569336
2025-12-23,93.4000015258789,93.8099975585938,91.3300018310547,93.5,25896200,93.5
2025-12-24,93.1100006103516,93.6800003051758,92.6699981689453,93.6399993896484,12427900,93.6399993896484
2025-12-26,93.4800033569336,94.6900024414062,93.2699966430664,94.4700012207031,22068300,94.4700012207031
2025-12-29,93.9899978637695,94.9700012207031,93.629997253418,94.1500015258789,24493700,94.1500015258789
2025-12-30,93.5199966430664,93.9899978637695,93.3399963378906,93.7799987792969,23422000,93.7799987792969
2025-12-31,93.5999984741211,94.3099975585938,93.1999969482422,93.7600021362305,23495200,93.7600021362305
2026-01-02,94.129997253418,94.129997253418,90.8099975585938,90.9899978637695,41155400,90.9899978637695
2026-01-05,90.9199981689453,92.629997253418,90.8399963378906,91.4599990844727,39183300,91.4599990844727
2026-01-06,91.5400009155273,91.6399993896484,89.7399978637695,90.6500015258789,43331000,90.6500015258789
2026-01-07,91.5599975585938,92.4199981689453,90.0599975585938,90.7300033569336,36525700,90.7300033569336
2026-01-08,90.4499969482422,91.25,89.5800018310547,90.5299987792969,40068700,90.5299987792969
2026-01-09,90.0299987792969,90.0500030517578,88.3199996948242,89.4599990844727,55579500,89.4599990844727
2026-01-12,89.6900024414062,90.3399963378906,89.3300018310547,89.4100036621094,36290600,89.4100036621094
2026-01-13,89.4400024414062,91.1500015258789,89.0699996948242,90.3199996948242,45221100,90.3199996948242
2026-01-14,91.2399978637695,91.5800018310547,87.9499969482422,88.5500030517578,49737700,88.5500030517578
2026-01-15,89.0199966430664,89.8899993896484,87.8199996948242,88.0500030517578,36945100,88.0500030517578
2026-01-16,88.3399963378906,88.5100021362305,87.7799987792969,88,48130500,88
2026-01-20,88.9700012207031,89.9000015258789,87.0199966430664,87.2600021362305,109729700,87.2600021362305
2026-01-21,82.5199966430664,86,81.9300003051758,85.3600006103516,127940700,85.3600006103516
2026-01-22,85.0199966430664,85.0999984741211,82.9800033569336,83.5400009155273,69113300,83.5400009155273
2026-01-23,83.4300003051758,86.3000030517578,83.2799987792969,86.120002746582,64520400,86.120002746582
2026-01-26,86.9199981689453,86.9400024414062,85.3499984741211,85.6999969482422,40941900,85.6999969482422
2026-01-27,85.2799987792969,85.5999984741211,83.879997253418,85.5800018310547,37790800,85.5800018310547
2026-01-28,85.629997253418,86.4700012207031,84.3000030517578,84.6399993896484,37762600,84.6399993896484
2026-01-29,84.3099975585938,84.379997253418,82.3499984741211,83.1600036621094,42278100,83.1600036621094
2026-01-30,83.0999984741211,84.0599975585938,82.7799987792969,83.4899978637695,45755000,83.4899978637695
2026-02-02,83.5299987792969,85.2699966430664,82.7200012207031,82.7600021362305,41445300,82.7600021362305
2026-02-03,82.2300033569336,82.4499969482422,79.620002746582,79.9400024414062,49789000,79.9400024414062
2026-02-04,79.9899978637695,81.4400024414062,79.2300033569336,80.1600036621094,48963200,80.1600036621094
2026-02-05,81.4899978637695,83.3000030517578,80.5400009155273,80.870002746582,54805700,80.870002746582
2026-02-06,81.0199966430664,82.4899978637695,80.6500015258789,82.1999969482422,46154100,82.1999969482422
2026-02-09,82.1800003051758,82.2099990844727,79.870002746582,81.4700012207031,42200200,81.4700012207031
2026-02-10,82.7200012207031,84.6600036621094,82.0899963378906,82.2099990844727,43595800,82.2099990844727
2026-02-11,81.9599990844727,82.4800033569336,79.4499969482422,79.620002746582,40840300,79.620002746582
2026-02-12,79.1100006103516,79.1500015258789,75.2300033569336,75.8600006103516,73516100,75.8600006103516
2026-02-13,76.1399993896484,77.1800003051758,75.5299987792969,76.870002746582,42292100,76.870002746582
2026-02-17,76.9199981689453,77.870002746582,75.3000030517578,77,35961500,77
2026-02-18,77.3199996948242,78.3199996948242,76.2799987792969,77.9899978637695,29883100,77.9899978637695
2026-02-19,77.75,78.6999969482422,76.5899963378906,77,30139200,77
2026-02-20,76.6100006103516,78.8499984741211,76.4000015258789,78.6699981689453,32411300,78.6699981689453
2026-02-23,77.7900009155273,77.8300018310547,75.0100021362305,76.0199966430664,38363000,76.0199966430664
2026-02-24,75.7300033569336,78.120002746582,75.2099990844727,78.0400009155273,33079100,78.0400009155273
2026-02-25,79.4300003051758,83.120002746582,79.25,82.6999969482422,69319300,82.6999969482422
2026-02-26,83.1999969482422,86.5,82.8000030517578,84.5899963378906,85642500,84.5899963378906
2026-02-27,94.3000030517578,96.75,90.5800018310547,96.2399978637695,200767000,96.2399978637695
2026-03-02,95.2600021362305,98.0699996948242,95.1999969482422,97.0899963378906,79915400,97.0899963378906
2026-03-03,96.0100021362305,98.4599990844727,95.3300018310547,97.6999969482422,59149000,97.6999969482422
2026-03-04,97.1100006103516,99.75,96.9899978637695,98.6600036621094,52604300,98.6600036621094
2026-03-05,98.5,100.190002441406,98.0999984741211,99.1699981689453,53403000,99.1699981689453
2026-03-06,99.3300018310547,99.879997253418,97.4000015258789,99.0199966430664,41196300,99.0199966430664
2026-03-09,97.6999969482422,98.9400024414062,96.5800018310547,98.3199996948242,48589000,98.3199996948242
2026-03-10,97.8099975585938,98.4899978637695,96.2900009155273,96.9400024414062,41027200,96.9400024414062
2026-03-11,97.4100036621094,98,94.6900024414062,94.8899993896484,33962900,94.8899993896484
2026-03-12,94.8600006103516,95.4000015258789,93.870002746582,94.3099975585938,34206900,94.3099975585938
2026-03-13,94.6399993896484,95.6800003051758,94.2399978637695,95.3099975585938,29876700,95.3099975585938
2026-03-16,95.5800018310547,96.0999984741211,94.3600006103516,95.1999969482422,34931800,95.1999969482422
2026-03-17,95.3000030517578,96.3399963378906,94.0100021362305,94.3600006103516,26434500,94.3600006103516
2026-03-18,94.4499969482422,95.3399963378906,93.6100006103516,94.6999969482422,27878300,94.6999969482422
2026-03-19,94.3099975585938,95.75,90.7799987792969,91.7399978637695,40169300,91.7399978637695
2026-03-20,91.3099975585938,91.879997253418,90.6900024414062,91.8199996948242,61678000,91.8199996948242
2026-03-23,92.0400009155273,93.9800033569336,91.8600006103516,93.379997253418,34315900,93.379997253418
2026-03-24,92.7900009155273,93.7399978637695,90.8199996948242,90.9199981689453,28938000,90.9199981689453
2026-03-25,91.7099990844727,92.5199966430664,91.2399978637695,92.2799987792969,29545600,92.2799987792969
2026-03-26,91.5199966430664,95.8600006103516,91.0100021362305,93.3199996948242,59522000,93.3199996948242
2026-03-27,94.5699996948242,95.5800018310547,92.7399978637695,93.4300003051758,44590700,93.4300003051758
2026-03-30,92.75,94.4899978637695,92.2200012207031,92.9700012207031,32375100,92.9700012207031
2026-03-31,93.0299987792969,96.2600021362305,93.0299987792969,96.1500015258789,54270000,96.1500015258789
2026-04-01,96.4700012207031,97.1999969482422,94.2600021362305,95.5500030517578,30439300,95.5500030517578
2026-04-02,95.2699966430664,98.7099990844727,95.1699981689453,98.6600036621094,37068000,98.6600036621094
2026-04-06,100.959999084473,102.690002441406,97.9700012207031,98.9300003051758,37029300,98.9300003051758
2026-04-07,98.5500030517578,99.879997253418,98.25,98.8199996948242,25016700,98.8199996948242
2026-04-08,100.319999694824,100.400001525879,97.4400024414062,99.3899993896484,30957600,99.3899993896484
2026-04-09,99.629997253418,102.339996337891,99.0800018310547,102.050003051758,35087800,102.050003051758
2026-04-10,102.470001220703,103.080001831055,101.459999084473,103.01000213623,25769900,103.01000213623
2026-04-13,103.029998779297,103.669998168945,102.059997558594,103.160003662109,26042800,103.160003662109
2026-04-14,103.120002746582,106.569999694824,103.040000915527,106.279998779297,40534900,106.279998779297
2026-04-15,105.980003356934,107.849998474121,105.040000915527,107.709999084473,38023700,107.709999084473
2026-04-16,107.470001220703,108.949996948242,106.620002746582,107.790000915527,64928300,107.790000915527
2026-04-17,96.370002746582,98.7399978637695,95.0999984741211,97.3099975585938,125958700,97.3099975585938
2026-04-20,97.1399993896484,97.5999984741211,93.5400009155273,94.8300018310547,63298300,94.8300018310547
2026-04-21,94,94.6500015258789,92.370002746582,92.5800018310547,61962300,92.5800018310547
2026-04-22,93.0599975585938,93.8499984741211,92.7699966430664,93.2399978637695,33694300,93.2399978637695
2026-04-23,94.0599975585938,94.6399993896484,92.0699996948242,92.8199996948242,36851700,92.8199996948242
2026-04-24,92.5699996948242,93.2799987792969,91.8000030517578,92.4400024414062,32553200,92.4400024414062
2026-04-27,92.0500030517578,92.8399963378906,91.3000030517578,91.370002746582,29707400,91.370002746582
2026-04-28,91.5,92.3399963378906,90.0199966430664,92.2699966430664,33418100,92.2699966430664
2026-04-29,91.2300033569336,92.8600006103516,90.8600006103516,92.120002746582,26122100,92.120002746582
2026-04-30,91.3499984741211,94.2200012207031,90.7699966430664,93.6100006103516,40923000,93.6100006103516
2026-05-01,94.4199981689453,94.6999969482422,91.9000015258789,92.0599975585938,30406900,92.0599975585938
2026-05-04,92.0999984741211,92.3300018310547,90.8899993896484,91.0199966430664,25928800,91.0199966430664
2026-05-05,91.1800003051758,91.2799987792969,87.5699996948242,87.8899993896484,51961300,87.8899993896484
2026-05-06,87.1500015258789,88.5500030517578,86.7200012207031,88.2699966430664,41932400,88.2699966430664
2026-05-07,88.1999969482422,89.4000015258789,88.129997253418,88.25,30627600,88.25
2026-05-08,87.7099990844727,88.0400009155273,87.2099990844727,87.4899978637695,36215100,87.4899978637695
2026-05-11,86.5299987792969,87.3399963378906,85.0999984741211,85.4499969482422,40556500,85.4499969482422
2026-05-12,85.9100036621094,89.1699981689453,85.8099975585938,87.6600036621094,43556600,87.6600036621094
2026-05-13,86.5699996948242,88.620002746582,86.2799987792969,87.5599975585938,30823500,87.5599975585938
2026-05-14,87.620002746582,88.5,86.6500015258789,86.9400024414062,29408300,86.9400024414062
2026-05-15,87.6900024414062,89.4899978637695,86.6900024414062,87.0199966430664,32335700,87.0199966430664
2026-05-18,86.5,89.8199996948242,86.3300018310547,89.6500015258789,35800500,89.6500015258789
2026-05-19,90.1399993896484,91.4800033569336,88.6900024414062,89.3300018310547,34545700,89.3300018310547
2026-05-20,88.5199966430664,88.5500030517578,87.5,88.0899963378906,23463400,88.0899963378906
2026-05-21,88.0299987792969,90.370002746582,87.5199966430664,89.3000030517578,28613900,89.3000030517578
2026-05-22,89.0999984741211,89.9700012207031,88.1699981689453,88.5999984741211,23847200,88.5999984741211
2026-05-26,88.4000015258789,88.7300033569336,87.25,87.6800003051758,24014500,87.6800003051758
2026-05-27,87.0500030517578,88.5,86.8199996948242,87.3499984741211,22569500,87.3499984741211
2026-05-28,86.9000015258789,87.0400009155273,85.5899963378906,86.3600006103516,38803800,86.3600006103516
2026-05-29,86.1999969482422,86.6699981689453,85.6600036621094,86.0199966430664,39793600,86.0199966430664
2026-06-01,85.7300033569336,87.2300033569336,85.3199996948242,85.8499984741211,32747200,85.8499984741211
2026-06-02,85.6100006103516,85.9800033569336,83.2900009155273,83.3300018310547,42947200,83.3300018310547
2026-06-03,82.9100036621094,83.3099975585938,81.0999984741211,81.5199966430664,36714700,81.5199966430664
2026-06-04,83.1900024414062,83.6999969482422,81.370002746582,81.5599975585938,39338800,81.5599975585938
2026-06-05,82.3300018310547,82.75,81,82.1800003051758,43474100,82.1800003051758
2026-06-08,81.6600036621094,83.0800018310547,81.3399963378906,82.6399993896484,33056700,82.6399993896484
2026-06-09,82.129997253418,82.3399963378906,81.3399963378906,81.4100036621094,34787200,81.4100036621094
2026-06-10,81.7099990844727,82.75,80.9800033569336,82,36304600,82
2026-06-11,81.870002746582,82.0999984741211,80.0899963378906,81.2699966430664,33417600,81.2699966430664
2026-06-12,81.5800018310547,82,79.2799987792969,80.3399963378906,35309700,80.3399963378906
2026-06-15,80.620002746582,81.7099990844727,80.4599990844727,81.6699981689453,36430800,81.6699981689453
2026-06-16,81.9000015258789,81.9300003051758,77.7099990844727,78.7200012207031,65054000,78.7200012207031
2026-06-17,78.0999984741211,78.4499969482422,76.7600021362305,76.9599990844727,50338800,76.9599990844727
2026-06-18,76.9300003051758,78.2399978637695,76.120002746582,77.379997253418,91920400,77.379997253418
2026-06-22,76.1399993896484,77.0899963378906,71.8099975585938,72.879997253418,82203300,72.879997253418
2026-06-23,73.2600021362305,73.9599990844727,72.629997253418,72.8199996948242,50806800,72.8199996948242
2026-06-24,72.6900024414062,73.4499969482422,71.629997253418,71.8399963378906,48001500,71.8399963378906
2026-06-25,71.3300018310547,72.9400024414062,70.8600006103516,70.9000015258789,44446900,70.9000015258789
2026-06-26,71.6900024414062,75.1999969482422,71.5299987792969,73.8099975585938,74990300,73.8099975585938
2026-06-29,74.620002746582,76.0699996948242,73.7300033569336,73.7799987792969,42429600,73.7799987792969
2026-06-30,73.5899963378906,73.75,71,71.4000015258789,49240900,71.4000015258789
2026-07-01,72.5899963378906,74.3600006103516,72.3300018310547,74.1900024414062,43841800,74.1900024414062
2026-07-02,75.0899963378906,78.4400024414062,74.9100036621094,77.6500015258789,55456500,77.6500015258789
2026-07-06,77.0800018310547,77.8399963378906,75.7099990844727,76.0199966430664,45056600,76.0199966430664
2026-07-07,77.879997253418,78.1900024414062,76.0999984741211,76.1800003051758,33257300,76.1800003051758
2026-07-08,76.2699966430664,76.6399993896484,74.8899993896484,75.5899963378906,34373500,75.5899963378906
2026-07-09,74.3000030517578,75.5500030517578,74.0199966430664,75.4700012207031,36305700,75.4700012207031
2026-07-10,75.4400024414062,75.6999969482422,72.5100021362305,73.370002746582,46713900,73.370002746582
2026-07-13,73.9000015258789,75.4499969482422,73.7099990844727,73.8300018310547,35101800,73.8300018310547
2026-07-14,72.6399993896484,74.0100021362305,72.2799987792969,73.5299987792969,33312100,73.5299987792969
2026-07-15,73.7900009155273,75.0599975585938,73.129997253418,73.6800003051758,32854300,73.6800003051758
2026-07-16,73.9499969482422,74.6800003051758,72.9400024414062,74.3499984741211,77505200,74.3499984741211
2026-07-17,65.4800033569336,69.4899978637695,65.0800018310547,68.9499969482422,142029200,68.9499969482422
2026-07-20,68.3199996948242,68.379997253418,66.6900024414062,67.5999984741211,60669100,67.5999984741211
