"fecha","YPF.Open","YPF.High","YPF.Low","YPF.Close","YPF.Volume","YPF.Adjusted"
2025-01-16,44.9300003051758,45,43.4099998474121,43.8199996948242,2068800,43.8199996948242
2025-01-17,43.6599998474121,43.7099990844727,41.9199981689453,42.7099990844727,3465000,42.7099990844727
2025-01-21,42.5699996948242,43.5200004577637,42.0800018310547,43.3499984741211,1897800,43.3499984741211
2025-01-22,43.7799987792969,43.9599990844727,42.7599983215332,43.0200004577637,2130300,43.0200004577637
2025-01-23,43.2000007629395,43.2900009155273,41.8600006103516,41.9599990844727,2292200,41.9599990844727
2025-01-24,41.8600006103516,42.689998626709,40.4500007629395,40.9599990844727,3049100,40.9599990844727
2025-01-27,40,40.5400009155273,38.9000015258789,39.6199989318848,4327300,39.6199989318848
2025-01-28,39.8400001525879,40.1500015258789,37.9300003051758,38.8600006103516,3098700,38.8600006103516
2025-01-29,38.7999992370605,40.3800010681152,38.7000007629395,40,2545000,40
2025-01-30,40.6500015258789,41.1800003051758,40.0900001525879,40.4799995422363,1948600,40.4799995422363
2025-01-31,40.6500015258789,40.75,39.4199981689453,39.4700012207031,1176300,39.4700012207031
2025-02-03,38.5299987792969,39.25,38.0900001525879,38.4799995422363,1499300,38.4799995422363
2025-02-04,38.9000015258789,39.7599983215332,38.7400016784668,39.3199996948242,984100,39.3199996948242
2025-02-05,39.25,39.5499992370605,38.4300003051758,38.560001373291,1284700,38.560001373291
2025-02-06,38.9300003051758,39.5,38.7099990844727,39.3300018310547,917200,39.3300018310547
2025-02-07,39.0999984741211,39.3499984741211,37.4500007629395,37.7900009155273,1537100,37.7900009155273
2025-02-10,38.0099983215332,38.7400016784668,37.5800018310547,38,1555200,38
2025-02-11,37.5,37.5900001525879,35.8800010681152,36.0999984741211,2571700,36.0999984741211
2025-02-12,35.2200012207031,37.0900001525879,34.9500007629395,36.2599983215332,1421500,36.2599983215332
2025-02-13,36.4599990844727,37.4199981689453,36,37.1399993896484,1249600,37.1399993896484
2025-02-14,37.3800010681152,37.7799987792969,36.9700012207031,37.2200012207031,1034200,37.2200012207031
2025-02-18,35.6500015258789,38.0499992370605,35.3699989318848,37.1599998474121,2228800,37.1599998474121
2025-02-19,37.060001373291,38.0999984741211,36.810001373291,37.1100006103516,1815700,37.1100006103516
2025-02-20,37.6599998474121,38.6199989318848,36.9099998474121,38.3899993896484,1734000,38.3899993896484
2025-02-21,39.0900001525879,39.4500007629395,36.9799995422363,37.060001373291,2777400,37.060001373291
2025-02-24,37.7599983215332,38.1399993896484,36.2099990844727,36.3800010681152,2176200,36.3800010681152
2025-02-25,36.3899993896484,36.5699996948242,34.7599983215332,35.4199981689453,1833600,35.4199981689453
2025-02-26,35.560001373291,36.25,35.1599998474121,35.6800003051758,1246200,35.6800003051758
2025-02-27,35.5999984741211,35.8600006103516,34.4300003051758,34.4500007629395,1394700,34.4500007629395
2025-02-28,34.1199989318848,35.439998626709,33.6699981689453,35.0499992370605,2297900,35.0499992370605
2025-03-03,36.0699996948242,36.4099998474121,33.9099998474121,34.2900009155273,1480000,34.2900009155273
2025-03-04,33.4300003051758,33.9300003051758,32.310001373291,33.5,1680000,33.5
2025-03-05,33.810001373291,34.6300010681152,33.2599983215332,34.1399993896484,1786000,34.1399993896484
2025-03-06,34.1399993896484,34.8199996948242,33.3699989318848,33.4099998474121,1501400,33.4099998474121
2025-03-07,33.5999984741211,34.0999984741211,32.25,33.3899993896484,2681200,33.3899993896484
2025-03-10,32.5,32.8300018310547,30.8199996948242,31.5599994659424,2364300,31.5599994659424
2025-03-11,31.9300003051758,32.4900016784668,31.25,31.8899993896484,2333200,31.8899993896484
2025-03-12,32.1300010681152,34,32.0099983215332,33.8899993896484,1589700,33.8899993896484
2025-03-13,33.9500007629395,34.439998626709,33.1300010681152,33.7099990844727,1654800,33.7099990844727
2025-03-14,34.0699996948242,35.8199996948242,34.0200004577637,35.7799987792969,1867300,35.7799987792969
2025-03-17,35.7200012207031,36.6800003051758,35.5499992370605,36.1800003051758,1718400,36.1800003051758
2025-03-18,36.1199989318848,36.1699981689453,33.439998626709,33.7900009155273,2208000,33.7900009155273
2025-03-19,34.2000007629395,35.6699981689453,33.8300018310547,35.4799995422363,1673100,35.4799995422363
2025-03-20,35.4099998474121,35.9599990844727,34.9500007629395,35.5299987792969,1152500,35.5299987792969
2025-03-21,35.2200012207031,36.560001373291,34.9099998474121,36.5299987792969,1551300,36.5299987792969
2025-03-24,36.939998626709,37.2599983215332,36.1599998474121,36.1699981689453,1084000,36.1699981689453
2025-03-25,36.5699996948242,37.9900016784668,36.2999992370605,37.6699981689453,1861900,37.6699981689453
2025-03-26,37.6599998474121,38.2799987792969,36.8899993896484,37.25,1356500,37.25
2025-03-27,37.4199981689453,38.7400016784668,37.0299987792969,37.3699989318848,1416100,37.3699989318848
2025-03-28,36.8499984741211,37.2900009155273,35.5400009155273,36,1359300,36
2025-03-31,34.8800010681152,35.689998626709,33.9000015258789,35.0400009155273,1729400,35.0400009155273
2025-04-01,35.0800018310547,36.0299987792969,34.5800018310547,35.5,844400,35.5
2025-04-02,35.0400009155273,35.5999984741211,35,35.5,522600,35.5
2025-04-03,33.4300003051758,34.3400001525879,33.2900009155273,33.5499992370605,1773400,33.5499992370605
2025-04-04,32,32.2000007629395,28.8199996948242,30,5314000,30
2025-04-07,27.5499992370605,30.6499996185303,27,28.4899997711182,3900200,28.4899997711182
2025-04-08,30,30,26.7099990844727,27.1599998474121,3738900,27.1599998474121
2025-04-09,26.7099990844727,29.9699993133545,24.6599998474121,29.5900001525879,5971400,29.5900001525879
2025-04-10,28.2099990844727,29.2000007629395,26.6599998474121,27.5799999237061,2659600,27.5799999237061
2025-04-11,28.1000003814697,30.3400001525879,27.7999992370605,30.0300006866455,3377500,30.0300006866455
2025-04-14,35,35,32.6500015258789,33.1300010681152,5391000,33.1300010681152
2025-04-15,33.189998626709,33.4599990844727,31.4899997711182,31.8400001525879,2311100,31.8400001525879
2025-04-16,31.8700008392334,33.6699981689453,31.8700008392334,32.4900016784668,1991500,32.4900016784668
2025-04-17,32.7599983215332,33.7700004577637,32.689998626709,33.0800018310547,1411000,33.0800018310547
2025-04-21,32.8300018310547,33.0800018310547,31.3400001525879,31.8199996948242,1495800,31.8199996948242
2025-04-22,32.2799987792969,33.689998626709,31.8299999237061,33,1732800,33
2025-04-23,33.8499984741211,34.0200004577637,32.4300003051758,32.6500015258789,2400400,32.6500015258789
2025-04-24,32.75,33.2799987792969,32.2000007629395,32.2400016784668,1520300,32.2400016784668
2025-04-25,32,32.4300003051758,31.4300003051758,32,1485800,32
2025-04-28,31.8199996948242,32.5499992370605,31.0799999237061,31.4500007629395,1267500,31.4500007629395
2025-04-29,31.0599994659424,31.4899997711182,30.8199996948242,31.1299991607666,918200,31.1299991607666
2025-04-30,30.4400005340576,30.8700008392334,29.7600002288818,29.7999992370605,1993800,29.7999992370605
2025-05-01,29.7099990844727,30.4300003051758,28.9400005340576,29.2399997711182,1745700,29.2399997711182
2025-05-02,29.7999992370605,29.9799995422363,28.7600002288818,29.0900001525879,1752500,29.0900001525879
2025-05-05,28.6499996185303,28.9400005340576,28.0799999237061,28.1000003814697,2321700,28.1000003814697
2025-05-06,28.25,30.2399997711182,28.2000007629395,30.1800003051758,2640900,30.1800003051758
2025-05-07,30.0400009155273,30.7600002288818,29.5100002288818,30.2700004577637,2382900,30.2700004577637
2025-05-08,30.3500003814697,31.1200008392334,29.3299999237061,30.8400001525879,2591700,30.8400001525879
2025-05-09,31.2399997711182,32.810001373291,31.1800003051758,32.7000007629395,4191400,32.7000007629395
2025-05-12,33.7299995422363,35.6500015258789,33.5999984741211,35.5299987792969,4805600,35.5299987792969
2025-05-13,35.5499992370605,36.4000015258789,34.9099998474121,35.9099998474121,3077000,35.9099998474121
2025-05-14,35.5699996948242,36.439998626709,35.0099983215332,36.2400016784668,2732800,36.2400016784668
2025-05-15,35.0900001525879,35.9199981689453,34.4099998474121,35.7700004577637,2692400,35.7700004577637
2025-05-16,35.5999984741211,35.9799995422363,35.1199989318848,35.8800010681152,1350500,35.8800010681152
2025-05-19,36.2999992370605,37.439998626709,35.7599983215332,36.9099998474121,2726000,36.9099998474121
2025-05-20,37,37.0400009155273,36.0400009155273,36.5,1994200,36.5
2025-05-21,36.5499992370605,37.1800003051758,35.8600006103516,35.9300003051758,1864000,35.9300003051758
2025-05-22,35.3899993896484,36.6800003051758,35.1300010681152,36.1199989318848,1451800,36.1199989318848
2025-05-23,35.1100006103516,36.6300010681152,35.1100006103516,36.5200004577637,1072600,36.5200004577637
2025-05-27,36.7000007629395,36.9599990844727,36.2799987792969,36.5699996948242,1629000,36.5699996948242
2025-05-28,36.5699996948242,37.6699981689453,35.4500007629395,36.9599990844727,2041100,36.9599990844727
2025-05-29,37.3600006103516,37.5,36.1300010681152,36.2599983215332,1517600,36.2599983215332
2025-05-30,35.6800003051758,36.1300010681152,34.9300003051758,35.3800010681152,3080200,35.3800010681152
2025-06-02,35.9199981689453,36.25,34.5900001525879,34.6199989318848,1586200,34.6199989318848
2025-06-03,34.6599998474121,35.6800003051758,34.1199989318848,35.3199996948242,1231700,35.3199996948242
2025-06-04,35.310001373291,35.7000007629395,33.5999984741211,33.6100006103516,2086900,33.6100006103516
2025-06-05,33.9300003051758,34.2400016784668,33.5499992370605,33.8800010681152,1023600,33.8800010681152
2025-06-06,34.0099983215332,34.5800018310547,33.4500007629395,34.2700004577637,1009000,34.2700004577637
2025-06-09,34.25,34.25,33.6699981689453,33.7099990844727,1827700,33.7099990844727
2025-06-10,34.189998626709,36.5,34.0699996948242,36.2900009155273,2953900,36.2900009155273
2025-06-11,36.4099998474121,36.9700012207031,35.2999992370605,35.9199981689453,1823800,35.9199981689453
2025-06-12,35.8499984741211,36.7000007629395,35.5999984741211,36.2099990844727,1008500,36.2099990844727
2025-06-13,36.5400009155273,37.2200012207031,35.3300018310547,36.2900009155273,2641100,36.2900009155273
2025-06-16,36.4500007629395,36.8899993896484,35.2599983215332,35.4799995422363,899500,35.4799995422363
2025-06-17,35.6599998474121,35.9500007629395,34.8699989318848,35.4300003051758,1526600,35.4300003051758
2025-06-18,35.2000007629395,36.3400001525879,35.1699981689453,35.2799987792969,1035800,35.2799987792969
2025-06-20,35.5,35.7099990844727,34.5499992370605,34.6800003051758,869400,34.6800003051758
2025-06-23,34.9000015258789,35.0299987792969,33.4900016784668,33.7900009155273,1821300,33.7900009155273
2025-06-24,33.5499992370605,34.75,33.3300018310547,34.3499984741211,1344400,34.3499984741211
2025-06-25,34.3400001525879,34.3400001525879,32.8699989318848,33.060001373291,1522200,33.060001373291
2025-06-26,33.439998626709,33.7900009155273,32.9099998474121,33.3800010681152,1154200,33.3800010681152
2025-06-27,33.4300003051758,33.8699989318848,32.7999992370605,33.3300018310547,944700,33.3300018310547
2025-06-30,33.0299987792969,33.25,30.4799995422363,31.4500007629395,5224000,31.4500007629395
2025-07-01,31.0599994659424,31.9599990844727,30.6000003814697,31.4500007629395,3440600,31.4500007629395
2025-07-02,31.2900009155273,32.1100006103516,31.2600002288818,32.0400009155273,1894400,32.0400009155273
2025-07-03,32.1199989318848,32.5499992370605,31.9699993133545,32.2799987792969,800200,32.2799987792969
2025-07-07,32.0999984741211,32.2000007629395,30.4500007629395,30.8999996185303,1600800,30.8999996185303
2025-07-08,31.0599994659424,33.060001373291,30.7999992370605,33.0499992370605,1909900,33.0499992370605
2025-07-09,32.9900016784668,33.2000007629395,31.7600002288818,31.9099998474121,1200700,31.9099998474121
2025-07-10,31.5400009155273,32.2799987792969,31.0499992370605,31.7999992370605,1915200,31.7999992370605
2025-07-11,31.7700004577637,31.7700004577637,30.8600006103516,30.9699993133545,1516200,30.9699993133545
2025-07-14,30.8199996948242,31.25,30.2199993133545,31.0799999237061,1118600,31.0799999237061
2025-07-15,31.1000003814697,31.6800003051758,30.5400009155273,31.6100006103516,1349800,31.6100006103516
2025-07-16,31.6299991607666,31.7000007629395,30.6000003814697,30.8099994659424,1442500,30.8099994659424
2025-07-17,30.7900009155273,31.3500003814697,30.5900001525879,30.9099998474121,1759100,30.9099998474121
2025-07-18,31.5499992370605,31.7299995422363,30.7099990844727,30.7299995422363,1348100,30.7299995422363
2025-07-21,30.8899993896484,31.4099998474121,30.4799995422363,30.5900001525879,1155700,30.5900001525879
2025-07-22,30.3400001525879,31.0300006866455,30.1499996185303,30.5300006866455,1487300,30.5300006866455
2025-07-23,30.7700004577637,32.6699981689453,30.6000003814697,32.2900009155273,1957700,32.2900009155273
2025-07-24,31.9799995422363,32.4700012207031,31.6499996185303,32.4000015258789,1210900,32.4000015258789
2025-07-25,32.5699996948242,33.6800003051758,32.4799995422363,33.1599998474121,1758900,33.1599998474121
2025-07-28,33.1699981689453,33.8699989318848,33.0200004577637,33.2299995422363,842100,33.2299995422363
2025-07-29,33.310001373291,34.9900016784668,33.1199989318848,34.810001373291,1831700,34.810001373291
2025-07-30,35,35,33.5699996948242,33.8899993896484,1210400,33.8899993896484
2025-07-31,33.6800003051758,34.3499984741211,33.0800018310547,33.5400009155273,1138300,33.5400009155273
2025-08-01,33.4000015258789,33.4000015258789,32.189998626709,33.1100006103516,1008400,33.1100006103516
2025-08-04,33.1100006103516,33.7099990844727,33.1100006103516,33.4799995422363,688600,33.4799995422363
2025-08-05,33.2200012207031,35.1300010681152,33.2200012207031,35.0999984741211,1586700,35.0999984741211
2025-08-06,35.0999984741211,36.4599990844727,35.0299987792969,36.2000007629395,2410000,36.2000007629395
2025-08-07,36.0999984741211,36.5200004577637,35.2700004577637,35.7700004577637,1769000,35.7700004577637
2025-08-08,35.689998626709,35.689998626709,33.6500015258789,34.2900009155273,1751500,34.2900009155273
2025-08-11,34.2599983215332,34.4199981689453,33.5299987792969,34.2999992370605,1143000,34.2999992370605
2025-08-12,34.6399993896484,34.9799995422363,33.75,33.9500007629395,1274500,33.9500007629395
2025-08-13,33.939998626709,34.2999992370605,33.2999992370605,33.75,1258500,33.75
2025-08-14,33.4700012207031,33.4700012207031,31.9099998474121,32.689998626709,1618700,32.689998626709
2025-08-15,32.3899993896484,33.4300003051758,32.310001373291,32.9700012207031,1133500,32.9700012207031
2025-08-18,32.9900016784668,34.2299995422363,32.6300010681152,33.7400016784668,1442200,33.7400016784668
2025-08-19,33.5900001525879,33.7700004577637,31.9300003051758,31.9699993133545,1812000,31.9699993133545
2025-08-20,31.9300003051758,32.6399993896484,31.3099994659424,31.4099998474121,1688200,31.4099998474121
2025-08-21,31.5300006866455,32.1399993896484,31.2000007629395,31.6700000762939,816100,31.6700000762939
2025-08-22,31.6700000762939,32.2599983215332,31.4500007629395,31.75,1434100,31.75
2025-08-25,31.5,31.5300006866455,29.9500007629395,30.1000003814697,2645600,30.1000003814697
2025-08-26,29.8999996185303,30.9099998474121,29.8099994659424,30.7099990844727,1925600,30.7099990844727
2025-08-27,30.5100002288818,30.7700004577637,29.9699993133545,30.3199996948242,1886600,30.3199996948242
2025-08-28,30.4200000762939,31.7700004577637,30.3600006103516,30.8400001525879,2766700,30.8400001525879
2025-08-29,30.7299995422363,31,30.3999996185303,30.4699993133545,1788900,30.4699993133545
2025-09-02,29.7999992370605,30.4500007629395,28.8500003814697,30.3799991607666,2452300,30.3799991607666
2025-09-03,30.1499996185303,30.7999992370605,29.4400005340576,29.5499992370605,1483800,29.5499992370605
2025-09-04,29.6700000762939,31.0799999237061,29.4799995422363,30.8199996948242,1566800,30.8199996948242
2025-09-05,30.6299991607666,31.4799995422363,29.9699993133545,30.8299999237061,1795100,30.8299999237061
2025-09-08,26.25,27.2700004577637,25.3400001525879,26.1000003814697,9920100,26.1000003814697
2025-09-09,26.2900009155273,27.9200000762939,26.2800006866455,26.8299999237061,4157100,26.8299999237061
2025-09-10,27.2299995422363,29.0200004577637,27.2299995422363,28.6399993896484,3634800,28.6399993896484
2025-09-11,28.5100002288818,28.9599990844727,28.0499992370605,28.2000007629395,2470000,28.2000007629395
2025-09-12,28.2999992370605,28.3500003814697,26.9200000762939,27.0799999237061,2090500,27.0799999237061
2025-09-15,27.2700004577637,27.4200000762939,26.6700000762939,26.6900005340576,2081700,26.6900005340576
2025-09-16,27.1599998474121,28.0799999237061,27.0599994659424,27.7099990844727,1550000,27.7099990844727
2025-09-17,27.4699993133545,28.0400009155273,27.2199993133545,27.2399997711182,1387200,27.2399997711182
2025-09-18,27,27.0599994659424,24.3899993896484,24.4099998474121,5586400,24.4099998474121
2025-09-19,24.6000003814697,24.7999992370605,22.8199996948242,23.8700008392334,6280000,23.8700008392334
2025-09-22,27.3999996185303,27.3999996185303,25.5499992370605,26.9200000762939,6426000,26.9200000762939
2025-09-23,28.5,28.5499992370605,27.3700008392334,27.4500007629395,3931800,27.4500007629395
2025-09-24,29.4699993133545,29.6800003051758,27.0799999237061,27.7299995422363,4297000,27.7299995422363
2025-09-25,27.6000003814697,27.6000003814697,26.6000003814697,26.7700004577637,1900100,26.7700004577637
2025-09-26,26.8299999237061,27.8600006103516,25.9799995422363,26.0499992370605,2635400,26.0499992370605
2025-09-29,26.1200008392334,26.2199993133545,25.2600002288818,25.3500003814697,1951100,25.3500003814697
2025-09-30,25.0200004577637,25.3700008392334,24.1000003814697,24.2900009155273,3467400,24.2900009155273
2025-10-01,24.4799995422363,24.6399993896484,23.5400009155273,23.5699996948242,3015200,23.5699996948242
2025-10-02,23.8500003814697,24.1900005340576,23.0200004577637,23.8099994659424,3869400,23.8099994659424
2025-10-03,23.9400005340576,24.3899993896484,23.5699996948242,24.1499996185303,1655500,24.1499996185303
2025-10-06,24.2099990844727,24.8299999237061,23.7099990844727,24.6200008392334,1832700,24.6200008392334
2025-10-07,24.8600006103516,24.8600006103516,23.9300003051758,23.9899997711182,1684300,23.9899997711182
2025-10-08,24.1100006103516,24.4500007629395,23.3700008392334,24.3999996185303,2290700,24.3999996185303
2025-10-09,24.5100002288818,26.8999996185303,24.4599990844727,26.5900001525879,3802700,26.5900001525879
2025-10-10,26.8700008392334,26.8700008392334,25.5699996948242,26.4200000762939,3414300,26.4200000762939
2025-10-13,26.7999992370605,28.2999992370605,26.6900005340576,27.6499996185303,2966000,27.6499996185303
2025-10-14,27.2800006866455,28.7999992370605,25.4500007629395,26.0499992370605,4965900,26.0499992370605
2025-10-15,26.4500007629395,27.8400001525879,25.7600002288818,26.5300006866455,4135400,26.5300006866455
2025-10-16,26.6100006103516,26.8600006103516,25.8400001525879,26.3799991607666,1739100,26.3799991607666
2025-10-17,26.1800003051758,26.7800006866455,25.8400001525879,26.0599994659424,1544800,26.0599994659424
2025-10-20,26.1200008392334,26.7000007629395,24.9500007629395,25.1200008392334,2535700,25.1200008392334
2025-10-21,25.1399993896484,26.25,24.4899997711182,24.7099990844727,2487000,24.7099990844727
2025-10-22,24.6599998474121,25,24,24.75,2522900,24.75
2025-10-23,25.2299995422363,27.1599998474121,25.1000003814697,26.8899993896484,3165100,26.8899993896484
2025-10-24,27.5,28.3299999237061,26.7199993133545,26.9500007629395,3975600,26.9500007629395
2025-10-27,34.8899993896484,37.2900009155273,33,33.3600006103516,15631800,33.3600006103516
2025-10-28,33,34.7400016784668,32.3199996948242,33.8499984741211,4890900,33.8499984741211
2025-10-29,34.2400016784668,35.7299995422363,33.3199996948242,34.9700012207031,5328400,34.9700012207031
2025-10-30,34.6500015258789,35.1500015258789,33.9300003051758,34.5900001525879,2500300,34.5900001525879
2025-10-31,35,36.6599998474121,34.6699981689453,36.4300003051758,3684500,36.4300003051758
2025-11-03,37.4900016784668,37.7700004577637,36.2900009155273,37.060001373291,3916600,37.060001373291
2025-11-04,35.8800010681152,37.0200004577637,35.5,36.2299995422363,2572500,36.2299995422363
2025-11-05,37.5499992370605,37.6300010681152,36.4700012207031,37.0200004577637,2448500,37.0200004577637
2025-11-06,37.189998626709,37.6599998474121,36.0900001525879,36.5200004577637,1880600,36.5200004577637
2025-11-07,35.9099998474121,36.8899993896484,35.3400001525879,36.2599983215332,2128600,36.2599983215332
2025-11-10,37.5,37.8899993896484,36.060001373291,37.2099990844727,2359700,37.2099990844727
2025-11-11,37.4900016784668,38.25,37.1699981689453,37.5200004577637,2047600,37.5200004577637
2025-11-12,37.5999984741211,38.4900016784668,37.4500007629395,37.9099998474121,1958900,37.9099998474121
2025-11-13,37.7799987792969,38.189998626709,36.6500015258789,37.2400016784668,1683700,37.2400016784668
2025-11-14,36.8499984741211,39.7999992370605,36.3699989318848,38.6699981689453,3314400,38.6699981689453
2025-11-17,38.6199989318848,39.2200012207031,38,38.4799995422363,1736500,38.4799995422363
2025-11-18,37.8600006103516,39.3800010681152,37.2700004577637,38.6599998474121,1937600,38.6599998474121
2025-11-19,38.5499992370605,39.1199989318848,38.189998626709,38.6699981689453,1769900,38.6699981689453
2025-11-20,38.6599998474121,38.9300003051758,36.8600006103516,37.0099983215332,2111600,37.0099983215332
2025-11-21,36.75,36.9199981689453,35.2400016784668,35.7000007629395,2245400,35.7000007629395
2025-11-24,35.1199989318848,35.5499992370605,34.4199981689453,35.2900009155273,2266600,35.2900009155273
2025-11-25,35.5999984741211,36.0200004577637,34.4300003051758,35.3400001525879,2243300,35.3400001525879
2025-11-26,35.4599990844727,36.4900016784668,35.4599990844727,36.060001373291,1648400,36.060001373291
2025-11-28,36.4199981689453,37.1699981689453,36.3699989318848,36.8199996948242,964900,36.8199996948242
2025-12-01,36.4900016784668,37.4500007629395,36.2299995422363,36.4300003051758,1149800,36.4300003051758
2025-12-02,36.5,36.9199981689453,36.0999984741211,36.1100006103516,1548100,36.1100006103516
2025-12-03,36.1300010681152,37.5699996948242,36.1300010681152,37.25,1453500,37.25
2025-12-04,37.9900016784668,38.0499992370605,36.5699996948242,36.6399993896484,1192300,36.6399993896484
2025-12-05,37.6100006103516,38.0800018310547,35.7299995422363,35.7900009155273,1604200,35.7900009155273
2025-12-08,35.810001373291,36.1399993896484,35.2700004577637,35.939998626709,682800,35.939998626709
2025-12-09,35.939998626709,36.1100006103516,35.3699989318848,35.7299995422363,841700,35.7299995422363
2025-12-10,35.75,36.4900016784668,35.4599990844727,36.0699996948242,1038700,36.0699996948242
2025-12-11,35.5099983215332,35.8699989318848,34.8899993896484,35.5499992370605,1376700,35.5499992370605
2025-12-12,35.439998626709,35.7400016784668,34.6500015258789,35.0299987792969,1020800,35.0299987792969
2025-12-15,35.0299987792969,35.3800010681152,34.4700012207031,35.1100006103516,1307300,35.1100006103516
2025-12-16,34.7999992370605,34.9000015258789,33.7200012207031,34.1399993896484,1633100,34.1399993896484
2025-12-17,34.75,35.0999984741211,33.75,34.060001373291,1175900,34.060001373291
2025-12-18,34.0999984741211,35.7400016784668,34.0999984741211,35.6100006103516,1625000,35.6100006103516
2025-12-19,35.7299995422363,36.0999984741211,35.2400016784668,35.5400009155273,1093100,35.5400009155273
2025-12-22,36,36.0299987792969,35.4099998474121,35.5099983215332,678900,35.5099983215332
2025-12-23,35.3499984741211,36.5699996948242,35.3499984741211,35.9099998474121,980000,35.9099998474121
2025-12-24,35.7999992370605,36.1800003051758,35.5800018310547,36.0200004577637,387800,36.0200004577637
2025-12-26,36,36.1699981689453,35.75,35.9599990844727,613400,35.9599990844727
2025-12-29,36.0499992370605,37.2700004577637,35.8800010681152,36.4599990844727,1632100,36.4599990844727
2025-12-30,36.6100006103516,36.810001373291,35.8499984741211,36.0800018310547,1042300,36.0800018310547
2025-12-31,36.0299987792969,36.4199981689453,35.9199981689453,36.1599998474121,343700,36.1599998474121
2026-01-02,36.5699996948242,36.7400016784668,35.6699981689453,36.2900009155273,947400,36.2900009155273
2026-01-05,36.2400016784668,36.4599990844727,35.0900001525879,36.3800010681152,1508100,36.3800010681152
2026-01-06,36.3800010681152,36.6300010681152,34.3400001525879,34.3899993896484,1844400,34.3899993896484
2026-01-07,34.5900001525879,34.939998626709,32.7799987792969,32.7799987792969,2969200,32.7799987792969
2026-01-08,32.9700012207031,33.9900016784668,32.7400016784668,33.7999992370605,1535000,33.7999992370605
2026-01-09,34.060001373291,34.2299995422363,33.3699989318848,34.0800018310547,1196700,34.0800018310547
2026-01-12,33.6399993896484,34.189998626709,33.3199996948242,33.8199996948242,1121000,33.8199996948242
2026-01-13,34.0999984741211,34.8499984741211,33.8800010681152,34.8300018310547,2075100,34.8300018310547
2026-01-14,34.7900009155273,35.4199981689453,34.4199981689453,34.5499992370605,2119700,34.5499992370605
2026-01-15,34.0800018310547,34.5800018310547,33.689998626709,33.7200012207031,1109900,33.7200012207031
2026-01-16,33.810001373291,34.8499984741211,33.810001373291,34.310001373291,1255600,34.310001373291
2026-01-20,33.7200012207031,34.9900016784668,33.5699996948242,34.5200004577637,1155400,34.5200004577637
2026-01-21,34.939998626709,36.0999984741211,34.7999992370605,36.0900001525879,1159700,36.0900001525879
2026-01-22,36,36.2999992370605,35.1599998474121,35.689998626709,1076400,35.689998626709
2026-01-23,36.2999992370605,36.9500007629395,36,36.4199981689453,1375500,36.4199981689453
2026-01-26,36.6500015258789,37.3800010681152,36.3199996948242,36.5299987792969,1554200,36.5299987792969
2026-01-27,36.8400001525879,38.4300003051758,36.7400016784668,38.2799987792969,2066100,38.2799987792969
2026-01-28,38.5,38.9000015258789,37.8899993896484,38.5999984741211,1631400,38.5999984741211
2026-01-29,39.1500015258789,39.8499984741211,37.6699981689453,39.7700004577637,2734700,39.7700004577637
2026-01-30,39.0499992370605,40.3800010681152,38.7700004577637,39.7900009155273,2984900,39.7900009155273
2026-02-02,38.75,39.5,38.310001373291,38.8600006103516,1726900,38.8600006103516
2026-02-03,38.75,39.0200004577637,37.5699996948242,38.9700012207031,2029400,38.9700012207031
2026-02-04,39.1500015258789,39.5,38.0999984741211,39.4900016784668,1816100,39.4900016784668
2026-02-05,38.6300010681152,39.1500015258789,37.3699989318848,37.5,1313800,37.5
2026-02-06,38.1100006103516,38.9000015258789,37.9500007629395,38.1399993896484,1093900,38.1399993896484
2026-02-09,38.2000007629395,38.4799995422363,37.2200012207031,38.2900009155273,962900,38.2900009155273
2026-02-10,38.1199989318848,39.6500015258789,37.8199996948242,39.0999984741211,1359600,39.0999984741211
2026-02-11,39.75,39.9599990844727,38.8400001525879,38.9900016784668,1091900,38.9900016784668
2026-02-12,39.3400001525879,39.689998626709,37.0999984741211,37.3199996948242,1459300,37.3199996948242
2026-02-13,37.4799995422363,37.9799995422363,36.8300018310547,37.3699989318848,871000,37.3699989318848
2026-02-17,37.2099990844727,37.3899993896484,36.0400009155273,37.0099983215332,782400,37.0099983215332
2026-02-18,37.4900016784668,37.689998626709,36.7099990844727,37.3800010681152,662500,37.3800010681152
2026-02-19,37.4300003051758,39,37.4300003051758,38.5,1227600,38.5
2026-02-20,38.310001373291,38.810001373291,37.9199981689453,38.5099983215332,721500,38.5099983215332
2026-02-23,38.5699996948242,38.8499984741211,37.5200004577637,37.5200004577637,1163400,37.5200004577637
2026-02-24,37.7999992370605,38.1699981689453,37.560001373291,38.0099983215332,724400,38.0099983215332
2026-02-25,38,38,37.1300010681152,37.310001373291,859000,37.310001373291
2026-02-26,36.6800003051758,37.189998626709,35.8199996948242,36.2799987792969,1249400,36.2799987792969
2026-02-27,36.3400001525879,36.75,34.1599998474121,35.3899993896484,3123300,35.3899993896484
2026-03-02,35.8800010681152,36.9500007629395,35.0699996948242,35.3499984741211,2334300,35.3499984741211
2026-03-03,34.8199996948242,35.4900016784668,33.4199981689453,34.6699981689453,1633400,34.6699981689453
2026-03-04,34.8699989318848,35.5800018310547,34.0499992370605,35.2000007629395,1329700,35.2000007629395
2026-03-05,34.939998626709,35.9799995422363,34.8899993896484,35.9799995422363,1681000,35.9799995422363
2026-03-06,36.0499992370605,38.0999984741211,35.9099998474121,36.8899993896484,2377800,36.8899993896484
2026-03-09,37.2400016784668,38.5800018310547,36.5200004577637,36.7799987792969,3093900,36.7799987792969
2026-03-10,36.5299987792969,37.75,36.1599998474121,36.6800003051758,2325700,36.6800003051758
2026-03-11,37.4599990844727,39.3800010681152,37.3699989318848,39.2799987792969,3877500,39.2799987792969
2026-03-12,39.3499984741211,39.939998626709,38.189998626709,38.2599983215332,2099700,38.2599983215332
2026-03-13,38.2700004577637,38.9799995422363,37.5999984741211,38.25,1598400,38.25
2026-03-16,38.2000007629395,38.2900009155273,37.1800003051758,37.4500007629395,1686400,37.4500007629395
2026-03-17,37.5999984741211,38.7200012207031,37.4000015258789,38.1100006103516,1986400,38.1100006103516
2026-03-18,37.7900009155273,39.7900009155273,37.6800003051758,39.4799995422363,2152000,39.4799995422363
2026-03-19,39.75,42.5999984741211,39.7000007629395,41.5900001525879,7904600,41.5900001525879
2026-03-20,41.6199989318848,43.4000015258789,41.0299987792969,41.9199981689453,5984200,41.9199981689453
2026-03-23,41,42.4199981689453,41,41.2099990844727,3458300,41.2099990844727
2026-03-24,41.5099983215332,43.4700012207031,41.4900016784668,42.560001373291,1825400,42.560001373291
2026-03-25,41.8400001525879,43.189998626709,41.6399993896484,43.1800003051758,2583800,43.1800003051758
2026-03-26,42.7999992370605,44.9000015258789,42.7999992370605,43.6800003051758,3982900,43.6800003051758
2026-03-27,43.9700012207031,46.9900016784668,43.6800003051758,45.1699981689453,6302100,45.1699981689453
2026-03-30,46.7000007629395,47.8400001525879,45.7999992370605,46.1199989318848,4944800,46.1199989318848
2026-03-31,46.5499992370605,48.9599990844727,45.4599990844727,46.2200012207031,5833100,46.2200012207031
2026-04-01,44.8499984741211,46.2200012207031,43.6500015258789,44.310001373291,5786800,44.310001373291
2026-04-02,46,46.6100006103516,44.4500007629395,45.2200012207031,1981800,45.2200012207031
2026-04-06,45.0900001525879,45.2799987792969,43.6199989318848,43.8800010681152,1572600,43.8800010681152
2026-04-07,44.2299995422363,45.1100006103516,43.2999992370605,44.1699981689453,2578600,44.1699981689453
2026-04-08,41.9300003051758,43.689998626709,41.3499984741211,43.4799995422363,2949100,43.4799995422363
2026-04-09,43.6599998474121,44,42.4599990844727,42.689998626709,2023800,42.689998626709
2026-04-10,42.6199989318848,43.189998626709,42.5699996948242,42.9500007629395,1092400,42.9500007629395
2026-04-13,43.6599998474121,44.4799995422363,43.1399993896484,43.5099983215332,2057000,43.5099983215332
2026-04-14,43.3699989318848,43.3800010681152,41.7299995422363,42.1100006103516,1905200,42.1100006103516
2026-04-15,41.7900009155273,42.3499984741211,41.3899993896484,41.5400009155273,2023200,41.5400009155273
2026-04-16,41.6699981689453,42.0200004577637,41.3899993896484,41.8699989318848,1239200,41.8699989318848
2026-04-17,40.439998626709,41,39.3499984741211,40.5900001525879,3030100,40.5900001525879
2026-04-20,40.6399993896484,41.310001373291,40.4099998474121,40.9799995422363,1313200,40.9799995422363
2026-04-21,41.0800018310547,43.6599998474121,41.0800018310547,43.1199989318848,3375500,43.1199989318848
2026-04-22,44.060001373291,44.3699989318848,42.9799995422363,43.1500015258789,1548900,43.1500015258789
2026-04-23,43.5299987792969,43.7700004577637,43.1199989318848,43.310001373291,1824500,43.310001373291
2026-04-24,43.1199989318848,43.439998626709,42.0200004577637,42.939998626709,1429500,42.939998626709
2026-04-27,43.4500007629395,43.8400001525879,42.7299995422363,43,1734300,43
2026-04-28,43.5800018310547,43.9799995422363,43.1599998474121,43.3899993896484,1475700,43.3899993896484
2026-04-29,44,45.1500015258789,43.6300010681152,44.810001373291,2659700,44.810001373291
2026-04-30,44.5099983215332,45.310001373291,44.2999992370605,45.1599998474121,1977100,45.1599998474121
2026-05-01,44.8699989318848,44.8699989318848,42.7900009155273,43.3800010681152,1878800,43.3800010681152
2026-05-04,43.8400001525879,44.5699996948242,43.5999984741211,44.4300003051758,1232800,44.4300003051758
2026-05-05,44.3899993896484,44.4199981689453,43.4599990844727,43.9700012207031,1609200,43.9700012207031
2026-05-06,43,43.5900001525879,42.4199981689453,43.2599983215332,2158000,43.2599983215332
2026-05-07,42.2999992370605,42.9799995422363,41.6300010681152,42.7999992370605,1682700,42.7999992370605
2026-05-08,42.8499984741211,43,41.810001373291,42.3699989318848,2148400,42.3699989318848
2026-05-11,42.9099998474121,45.0400009155273,42.5200004577637,44.9300003051758,1943100,44.9300003051758
2026-05-12,45.1599998474121,45.7900009155273,44.8600006103516,44.9500007629395,1599000,44.9500007629395
2026-05-13,44.9500007629395,45.1800003051758,43.4700012207031,43.5299987792969,1484400,43.5299987792969
2026-05-14,43.439998626709,44.6100006103516,43.2099990844727,44.1699981689453,1078800,44.1699981689453
2026-05-15,44.189998626709,44.7900009155273,43.4099998474121,43.6599998474121,1002700,43.6599998474121
2026-05-18,44.1300010681152,47.7799987792969,44.0499992370605,47.4799995422363,5812400,47.4799995422363
2026-05-19,47.9799995422363,48.7400016784668,47.0800018310547,47.9599990844727,3449600,47.9599990844727
2026-05-20,47.6599998474121,48.9000015258789,46.4500007629395,47.0699996948242,2323800,47.0699996948242
2026-05-21,47.9300003051758,49,47.4900016784668,47.939998626709,2068900,47.939998626709
2026-05-22,48,48.9300003051758,47.6399993896484,47.9900016784668,1187900,47.9900016784668
2026-05-26,47.9700012207031,49,47.5,48.5999984741211,2401500,48.5999984741211
2026-05-27,48.3499984741211,52.0200004577637,47.9199981689453,51.5900001525879,4640100,51.5900001525879
2026-05-28,52.0099983215332,53.6100006103516,51.1599998474121,52,2720400,52
2026-05-29,52.1800003051758,53.1199989318848,51.8300018310547,53.0099983215332,1893300,53.0099983215332
2026-06-01,53.9000015258789,56.1500015258789,53.8400001525879,54.7400016784668,2934100,54.7400016784668
2026-06-02,54.5400009155273,55.7400016784668,54.310001373291,55.310001373291,1799900,55.310001373291
2026-06-03,55.9500007629395,56.0900001525879,54.3499984741211,54.9000015258789,2236800,54.9000015258789
2026-06-04,54.25,55.6599998474121,54,55.1199989318848,1202600,55.1199989318848
2026-06-05,54.7599983215332,55.4599990844727,53.2000007629395,53.5,1523600,53.5
2026-06-08,54.25,54.7900009155273,53.5,53.5400009155273,1326900,53.5400009155273
2026-06-09,53.7400016784668,54.2000007629395,52.2999992370605,53.6100006103516,1280700,53.6100006103516
2026-06-10,54.2000007629395,55.8600006103516,53.7099990844727,54.2700004577637,1156300,54.2700004577637
2026-06-11,55.1199989318848,57.4900016784668,55.0999984741211,56.3499984741211,2812200,56.3499984741211
2026-06-12,56,56.9300003051758,55.0999984741211,55.8899993896484,1383500,55.8899993896484
2026-06-15,54,54.25,52.0400009155273,52.5900001525879,2514500,52.5900001525879
2026-06-16,52,52.5999984741211,50.5,51.2400016784668,3114200,51.2400016784668
2026-06-17,51.2299995422363,51.8800010681152,50.6800003051758,50.8499984741211,1908000,50.8499984741211
2026-06-18,50.5499992370605,50.9000015258789,49.5,50.4500007629395,2250900,50.4500007629395
2026-06-22,50.5800018310547,50.9099998474121,49.0299987792969,49.4700012207031,1462000,49.4700012207031
2026-06-23,49.1100006103516,49.1699981689453,47.5299987792969,48.0400009155273,1462000,48.0400009155273
2026-06-24,47.2999992370605,47.5,45.4000015258789,45.6199989318848,2800000,45.6199989318848
2026-06-25,45.5,46.2599983215332,44.7000007629395,45.7599983215332,1617200,45.7599983215332
2026-06-26,45.3499984741211,45.9700012207031,44.9000015258789,45.3300018310547,989300,45.3300018310547
2026-06-29,46.7000007629395,46.8499984741211,45.2200012207031,45.25,1431900,45.25
2026-06-30,46,46.3600006103516,45.3199996948242,45.4700012207031,1301500,45.4700012207031
2026-07-01,44.8899993896484,45.6100006103516,44.0200004577637,44.9599990844727,1059800,44.9599990844727
2026-07-02,44.939998626709,45.5499992370605,44.2099990844727,44.4000015258789,1012600,44.4000015258789
2026-07-06,45.3899993896484,46.4799995422363,45,46.1199989318848,1233800,46.1199989318848
2026-07-07,46.310001373291,47.5699996948242,45.7400016784668,47.1300010681152,1543300,47.1300010681152
2026-07-08,47.7700004577637,50.0499992370605,47.7000007629395,47.9000015258789,3240600,47.9000015258789
2026-07-09,47.6100006103516,47.810001373291,46.0400009155273,47.0400009155273,1227800,47.0400009155273
2026-07-10,47,47.6399993896484,47,47.5800018310547,587900,47.5800018310547
2026-07-13,48.0200004577637,49.5699996948242,47.8899993896484,49.5,2135900,49.5
2026-07-14,49.8800010681152,50.439998626709,49.2099990844727,49.7999992370605,2258000,49.7999992370605
2026-07-15,49.7999992370605,50.4199981689453,49.2900009155273,50.2599983215332,1518100,50.2599983215332
2026-07-16,50.3600006103516,50.6399993896484,48.3800010681152,48.4500007629395,1087200,48.4500007629395
2026-07-17,49.5,49.8199996948242,48.7299995422363,49.6800003051758,986400,49.6800003051758
